{
  "ABIRoot": {
    "kind": "Root",
    "name": "TopLevel",
    "printedName": "TopLevel",
    "children": [
      {
        "kind": "Import",
        "name": "Foundation",
        "printedName": "Foundation",
        "declKind": "Import",
        "moduleName": "XsollaSDKPaymentsKitObjectiveC",
        "declAttributes": [
          "RawDocComment"
        ]
      },
      {
        "kind": "Import",
        "name": "XsollaSDKPaymentsKit",
        "printedName": "XsollaSDKPaymentsKit",
        "declKind": "Import",
        "moduleName": "XsollaSDKPaymentsKitObjectiveC"
      },
      {
        "kind": "Import",
        "name": "Foundation",
        "printedName": "Foundation",
        "declKind": "Import",
        "moduleName": "XsollaSDKPaymentsKitObjectiveC",
        "declAttributes": [
          "RawDocComment"
        ]
      },
      {
        "kind": "Import",
        "name": "Foundation",
        "printedName": "Foundation",
        "declKind": "Import",
        "moduleName": "XsollaSDKPaymentsKitObjectiveC",
        "declAttributes": [
          "RawDocComment"
        ]
      },
      {
        "kind": "Import",
        "name": "XsollaSDKPaymentsKit",
        "printedName": "XsollaSDKPaymentsKit",
        "declKind": "Import",
        "moduleName": "XsollaSDKPaymentsKitObjectiveC"
      },
      {
        "kind": "Import",
        "name": "Foundation",
        "printedName": "Foundation",
        "declKind": "Import",
        "moduleName": "XsollaSDKPaymentsKitObjectiveC",
        "declAttributes": [
          "RawDocComment"
        ]
      },
      {
        "kind": "Import",
        "name": "XsollaSDKPaymentsKit",
        "printedName": "XsollaSDKPaymentsKit",
        "declKind": "Import",
        "moduleName": "XsollaSDKPaymentsKitObjectiveC"
      },
      {
        "kind": "Import",
        "name": "UIKit",
        "printedName": "UIKit",
        "declKind": "Import",
        "moduleName": "XsollaSDKPaymentsKitObjectiveC"
      },
      {
        "kind": "TypeDecl",
        "name": "PaymentsKitObjectiveC",
        "printedName": "PaymentsKitObjectiveC",
        "children": [
          {
            "kind": "Var",
            "name": "shared",
            "printedName": "shared",
            "children": [
              {
                "kind": "TypeNominal",
                "name": "PaymentsKitObjectiveC",
                "printedName": "XsollaSDKPaymentsKitObjectiveC.PaymentsKitObjectiveC",
                "usr": "c:@M@XsollaSDKPaymentsKitObjectiveC@objc(cs)PaymentsKitObjectiveC"
              }
            ],
            "declKind": "Var",
            "usr": "c:@M@XsollaSDKPaymentsKitObjectiveC@objc(cs)PaymentsKitObjectiveC(cpy)shared",
            "mangledName": "$s30XsollaSDKPaymentsKitObjectiveC08PaymentscD1CC6sharedACvpZ",
            "moduleName": "XsollaSDKPaymentsKitObjectiveC",
            "static": true,
            "declAttributes": [
              "HasInitialValue",
              "Final",
              "HasStorage",
              "AccessControl",
              "ObjC"
            ],
            "isLet": true,
            "hasStorage": true,
            "accessors": [
              {
                "kind": "Accessor",
                "name": "Get",
                "printedName": "Get()",
                "children": [
                  {
                    "kind": "TypeNominal",
                    "name": "PaymentsKitObjectiveC",
                    "printedName": "XsollaSDKPaymentsKitObjectiveC.PaymentsKitObjectiveC",
                    "usr": "c:@M@XsollaSDKPaymentsKitObjectiveC@objc(cs)PaymentsKitObjectiveC"
                  }
                ],
                "declKind": "Accessor",
                "usr": "c:@M@XsollaSDKPaymentsKitObjectiveC@objc(cs)PaymentsKitObjectiveC(cm)shared",
                "mangledName": "$s30XsollaSDKPaymentsKitObjectiveC08PaymentscD1CC6sharedACvgZ",
                "moduleName": "XsollaSDKPaymentsKitObjectiveC",
                "static": true,
                "implicit": true,
                "declAttributes": [
                  "Final",
                  "ObjC"
                ],
                "accessorKind": "get"
              }
            ]
          },
          {
            "kind": "Function",
            "name": "performPayment",
            "printedName": "performPayment(paymentToken:presenter:isSandbox:redirectUrl:completionHandler:)",
            "children": [
              {
                "kind": "TypeNominal",
                "name": "Void",
                "printedName": "()"
              },
              {
                "kind": "TypeNominal",
                "name": "NSString",
                "printedName": "Foundation.NSString",
                "usr": "c:objc(cs)NSString"
              },
              {
                "kind": "TypeNominal",
                "name": "UIViewController",
                "printedName": "UIKit.UIViewController",
                "usr": "c:objc(cs)UIViewController"
              },
              {
                "kind": "TypeNominal",
                "name": "Bool",
                "printedName": "Swift.Bool",
                "usr": "s:Sb"
              },
              {
                "kind": "TypeNominal",
                "name": "NSString",
                "printedName": "Foundation.NSString",
                "usr": "c:objc(cs)NSString"
              },
              {
                "kind": "TypeNominal",
                "name": "Optional",
                "printedName": "((Foundation.NSError?) -> ())?",
                "children": [
                  {
                    "kind": "TypeFunc",
                    "name": "Function",
                    "printedName": "(Foundation.NSError?) -> ()",
                    "children": [
                      {
                        "kind": "TypeNominal",
                        "name": "Void",
                        "printedName": "()"
                      },
                      {
                        "kind": "TypeNominal",
                        "name": "Optional",
                        "printedName": "Foundation.NSError?",
                        "children": [
                          {
                            "kind": "TypeNominal",
                            "name": "NSError",
                            "printedName": "Foundation.NSError",
                            "usr": "c:objc(cs)NSError"
                          }
                        ],
                        "usr": "s:Sq"
                      }
                    ]
                  }
                ],
                "usr": "s:Sq"
              }
            ],
            "declKind": "Func",
            "usr": "c:@M@XsollaSDKPaymentsKitObjectiveC@objc(cs)PaymentsKitObjectiveC(im)performPaymentWithPaymentToken:presenter:isSandbox:redirectUrl:completionHandler:",
            "mangledName": "$s30XsollaSDKPaymentsKitObjectiveC08PaymentscD1CC14performPayment12paymentToken9presenter9isSandbox11redirectUrl17completionHandlerySo8NSStringC_So16UIViewControllerCSbAKySo7NSErrorCSgcSgtF",
            "moduleName": "XsollaSDKPaymentsKitObjectiveC",
            "objc_name": "performPaymentWithPaymentToken:presenter:isSandbox:redirectUrl:completionHandler:",
            "declAttributes": [
              "Final",
              "AccessControl",
              "ObjC"
            ],
            "funcSelfKind": "NonMutating"
          }
        ],
        "declKind": "Class",
        "usr": "c:@M@XsollaSDKPaymentsKitObjectiveC@objc(cs)PaymentsKitObjectiveC",
        "mangledName": "$s30XsollaSDKPaymentsKitObjectiveC08PaymentscD1CC",
        "moduleName": "XsollaSDKPaymentsKitObjectiveC",
        "declAttributes": [
          "Final",
          "AccessControl",
          "ObjC"
        ],
        "superclassUsr": "c:objc(cs)NSObject",
        "hasMissingDesignatedInitializers": true,
        "inheritsConvenienceInitializers": true,
        "superclassNames": [
          "ObjectiveC.NSObject"
        ],
        "conformances": [
          {
            "kind": "Conformance",
            "name": "Equatable",
            "printedName": "Equatable",
            "usr": "s:SQ",
            "mangledName": "$sSQ"
          },
          {
            "kind": "Conformance",
            "name": "Hashable",
            "printedName": "Hashable",
            "usr": "s:SH",
            "mangledName": "$sSH"
          },
          {
            "kind": "Conformance",
            "name": "CVarArg",
            "printedName": "CVarArg",
            "usr": "s:s7CVarArgP",
            "mangledName": "$ss7CVarArgP"
          },
          {
            "kind": "Conformance",
            "name": "_KeyValueCodingAndObservingPublishing",
            "printedName": "_KeyValueCodingAndObservingPublishing",
            "usr": "s:10Foundation37_KeyValueCodingAndObservingPublishingP",
            "mangledName": "$s10Foundation37_KeyValueCodingAndObservingPublishingP"
          },
          {
            "kind": "Conformance",
            "name": "_KeyValueCodingAndObserving",
            "printedName": "_KeyValueCodingAndObserving",
            "usr": "s:10Foundation27_KeyValueCodingAndObservingP",
            "mangledName": "$s10Foundation27_KeyValueCodingAndObservingP"
          },
          {
            "kind": "Conformance",
            "name": "CustomStringConvertible",
            "printedName": "CustomStringConvertible",
            "usr": "s:s23CustomStringConvertibleP",
            "mangledName": "$ss23CustomStringConvertibleP"
          },
          {
            "kind": "Conformance",
            "name": "CustomDebugStringConvertible",
            "printedName": "CustomDebugStringConvertible",
            "usr": "s:s28CustomDebugStringConvertibleP",
            "mangledName": "$ss28CustomDebugStringConvertibleP"
          }
        ]
      },
      {
        "kind": "TypeDecl",
        "name": "PaymentsKitError",
        "printedName": "PaymentsKitError",
        "children": [
          {
            "kind": "Var",
            "name": "errorDescription",
            "printedName": "errorDescription",
            "children": [
              {
                "kind": "TypeNominal",
                "name": "Optional",
                "printedName": "Swift.String?",
                "children": [
                  {
                    "kind": "TypeNominal",
                    "name": "String",
                    "printedName": "Swift.String",
                    "usr": "s:SS"
                  }
                ],
                "usr": "s:Sq"
              }
            ],
            "declKind": "Var",
            "usr": "s:20XsollaSDKPaymentsKit08PaymentsC5ErrorO0abC10ObjectiveCE16errorDescriptionSSSgvp",
            "mangledName": "$s20XsollaSDKPaymentsKit08PaymentsC5ErrorO0abC10ObjectiveCE16errorDescriptionSSSgvp",
            "moduleName": "XsollaSDKPaymentsKitObjectiveC",
            "declAttributes": [
              "AccessControl"
            ],
            "isFromExtension": true,
            "accessors": [
              {
                "kind": "Accessor",
                "name": "Get",
                "printedName": "Get()",
                "children": [
                  {
                    "kind": "TypeNominal",
                    "name": "Optional",
                    "printedName": "Swift.String?",
                    "children": [
                      {
                        "kind": "TypeNominal",
                        "name": "String",
                        "printedName": "Swift.String",
                        "usr": "s:SS"
                      }
                    ],
                    "usr": "s:Sq"
                  }
                ],
                "declKind": "Accessor",
                "usr": "s:20XsollaSDKPaymentsKit08PaymentsC5ErrorO0abC10ObjectiveCE16errorDescriptionSSSgvg",
                "mangledName": "$s20XsollaSDKPaymentsKit08PaymentsC5ErrorO0abC10ObjectiveCE16errorDescriptionSSSgvg",
                "moduleName": "XsollaSDKPaymentsKitObjectiveC",
                "isFromExtension": true,
                "accessorKind": "get"
              }
            ]
          }
        ],
        "declKind": "Enum",
        "usr": "s:20XsollaSDKPaymentsKit08PaymentsC5ErrorO",
        "mangledName": "$s20XsollaSDKPaymentsKit08PaymentsC5ErrorO",
        "moduleName": "XsollaSDKPaymentsKit",
        "isExternal": true,
        "conformances": [
          {
            "kind": "Conformance",
            "name": "Equatable",
            "printedName": "Equatable",
            "usr": "s:SQ",
            "mangledName": "$sSQ"
          },
          {
            "kind": "Conformance",
            "name": "Hashable",
            "printedName": "Hashable",
            "usr": "s:SH",
            "mangledName": "$sSH"
          },
          {
            "kind": "Conformance",
            "name": "Error",
            "printedName": "Error",
            "usr": "s:s5ErrorP",
            "mangledName": "$ss5ErrorP"
          },
          {
            "kind": "Conformance",
            "name": "Sendable",
            "printedName": "Sendable",
            "usr": "s:s8SendableP",
            "mangledName": "$ss8SendableP"
          },
          {
            "kind": "Conformance",
            "name": "LocalizedError",
            "printedName": "LocalizedError",
            "usr": "s:10Foundation14LocalizedErrorP",
            "mangledName": "$s10Foundation14LocalizedErrorP"
          }
        ]
      },
      {
        "kind": "TypeDecl",
        "name": "NSError",
        "printedName": "NSError",
        "children": [
          {
            "kind": "Var",
            "name": "cancelledByUserError",
            "printedName": "cancelledByUserError",
            "children": [
              {
                "kind": "TypeNominal",
                "name": "Int",
                "printedName": "Swift.Int",
                "usr": "s:Si"
              }
            ],
            "declKind": "Var",
            "usr": "c:@CM@XsollaSDKPaymentsKitObjectiveC@@objc(cs)NSError(cpy)cancelledByUserError",
            "mangledName": "$sSo7NSErrorC30XsollaSDKPaymentsKitObjectiveCE20cancelledByUserErrorSivpZ",
            "moduleName": "XsollaSDKPaymentsKitObjectiveC",
            "static": true,
            "declAttributes": [
              "HasInitialValue",
              "Final",
              "HasStorage",
              "AccessControl",
              "ObjC"
            ],
            "isFromExtension": true,
            "isLet": true,
            "hasStorage": true,
            "accessors": [
              {
                "kind": "Accessor",
                "name": "Get",
                "printedName": "Get()",
                "children": [
                  {
                    "kind": "TypeNominal",
                    "name": "Int",
                    "printedName": "Swift.Int",
                    "usr": "s:Si"
                  }
                ],
                "declKind": "Accessor",
                "usr": "c:@CM@XsollaSDKPaymentsKitObjectiveC@@objc(cs)NSError(cm)cancelledByUserError",
                "mangledName": "$sSo7NSErrorC30XsollaSDKPaymentsKitObjectiveCE20cancelledByUserErrorSivgZ",
                "moduleName": "XsollaSDKPaymentsKitObjectiveC",
                "static": true,
                "implicit": true,
                "declAttributes": [
                  "ObjC",
                  "Final"
                ],
                "isFromExtension": true,
                "accessorKind": "get"
              }
            ]
          }
        ],
        "declKind": "Class",
        "usr": "c:objc(cs)NSError",
        "moduleName": "Foundation",
        "isOpen": true,
        "objc_name": "NSError",
        "declAttributes": [
          "ObjC",
          "SynthesizedProtocol",
          "NonSendable",
          "Sendable",
          "Dynamic"
        ],
        "superclassUsr": "c:objc(cs)NSObject",
        "isExternal": true,
        "inheritsConvenienceInitializers": true,
        "superclassNames": [
          "ObjectiveC.NSObject"
        ],
        "conformances": [
          {
            "kind": "Conformance",
            "name": "Sendable",
            "printedName": "Sendable",
            "usr": "s:s8SendableP",
            "mangledName": "$ss8SendableP"
          },
          {
            "kind": "Conformance",
            "name": "Equatable",
            "printedName": "Equatable",
            "usr": "s:SQ",
            "mangledName": "$sSQ"
          },
          {
            "kind": "Conformance",
            "name": "Hashable",
            "printedName": "Hashable",
            "usr": "s:SH",
            "mangledName": "$sSH"
          },
          {
            "kind": "Conformance",
            "name": "CVarArg",
            "printedName": "CVarArg",
            "usr": "s:s7CVarArgP",
            "mangledName": "$ss7CVarArgP"
          },
          {
            "kind": "Conformance",
            "name": "_KeyValueCodingAndObservingPublishing",
            "printedName": "_KeyValueCodingAndObservingPublishing",
            "usr": "s:10Foundation37_KeyValueCodingAndObservingPublishingP",
            "mangledName": "$s10Foundation37_KeyValueCodingAndObservingPublishingP"
          },
          {
            "kind": "Conformance",
            "name": "_KeyValueCodingAndObserving",
            "printedName": "_KeyValueCodingAndObserving",
            "usr": "s:10Foundation27_KeyValueCodingAndObservingP",
            "mangledName": "$s10Foundation27_KeyValueCodingAndObservingP"
          },
          {
            "kind": "Conformance",
            "name": "CustomStringConvertible",
            "printedName": "CustomStringConvertible",
            "usr": "s:s23CustomStringConvertibleP",
            "mangledName": "$ss23CustomStringConvertibleP"
          },
          {
            "kind": "Conformance",
            "name": "CustomDebugStringConvertible",
            "printedName": "CustomDebugStringConvertible",
            "usr": "s:s28CustomDebugStringConvertibleP",
            "mangledName": "$ss28CustomDebugStringConvertibleP"
          },
          {
            "kind": "Conformance",
            "name": "Error",
            "printedName": "Error",
            "usr": "s:s5ErrorP",
            "mangledName": "$ss5ErrorP"
          }
        ]
      }
    ],
    "json_format_version": 8
  },
  "ConstValues": [
    {
      "filePath": "\/Users\/d.rakhimov\/Documents\/xsolla\/xsolla-ios-sdk\/PaymentsKitObjectiveC\/PaymentsKitObjectiveC\/Extensions\/NSErrorCodes.swift",
      "kind": "IntegerLiteral",
      "offset": 143,
      "length": 1,
      "value": "1"
    },
    {
      "filePath": "\/Users\/d.rakhimov\/Documents\/xsolla\/xsolla-ios-sdk\/PaymentsKitObjectiveC\/PaymentsKitObjectiveC\/Extensions\/NSErrorFactory.swift",
      "kind": "StringLiteral",
      "offset": 512,
      "length": 22,
      "value": "\"localizedDescription\""
    }
  ]
}